ShefId,StationName,StationId,StateCode,Elevation,DCO,ForecastGroup,Notes,SnowAnalysis
ELSW1,Elbow Lake,910,WA,3040,Portland,NW_WASH,,"NW_WASH, SKAGIT"
MNOW1,MF Nooksack,1011,WA,4970,Portland,NW_WASH,,"NW_WASH, SKAGIT"
WCSW1,Wells Creek,909,WA,4030,Portland,NW_WASH,,"NW_WASH, SKAGIT"
BVPW1,Beaver Pass,990,WA,3630,Portland,SKAGIT,,"SKAGIT, NW_WASH"
BRTW1,Brown Top,1080,WA,5830,Portland,SKAGIT,Fire 2015,"SKAGIT, MC_UTRIB, NW_WASH"
EPSW1,Easy Pass,998,WA,5270,Portland,SKAGIT,,"SKAGIT, NW_WASH"
HRPW1,Harts Pass,515,WA,6490,Portland,SKAGIT,,"SKAGIT, MC_UTRIB"
MRTW1,Marten Ridge,999,WA,3520,Portland,SKAGIT,,"SKAGIT, NW_WASH"
RAIW1,Rainy Pass,711,WA,4890,Portland,SKAGIT,,"SKAGIT, MC_UTRIB"
SWSW1,Swamp Creek,975,WA,3930,Portland,SKAGIT,,"SKAGIT, MC_UTRIB"
THBW1,Thunder Basin,817,WA,4320,Portland,SKAGIT,,"SKAGIT, MC_UTRIB"
DCKW1,Decline Creek,1319,WA,4480,Portland,SKAGIT,,NONE
APSW1,Alpine Meadows,908,WA,3500,Portland,SNOHOMISH,,"SNOHOMISH, NW_WASH, SKAGIT"
OMWW1,Olallie Meadows,672,WA,4030,Portland,SNOHOMISH,,"SNOHOMISH, GREEN, MC_YAK, CEDAR, MC_UTRIB, SOUTHSOUND"
KUSW1,Skookum Creek,912,WA,3310,Portland,SNOHOMISH,,"SNOHOMISH, CEDAR, NW_WASH, SKAGIT"
SVNW1,Stevens Pass,791,WA,3950,Portland,SNOHOMISH,,"SNOHOMISH, MC_UTRIB, SKAGIT, MC_YAK"
MPSW1,Meadows Pass,897,WA,3230,Portland,CEDAR,,"CEDAR, MC_YAK, SNOHOMISH, GREEN"
MGSW1,Mount Gardner,898,WA,2920,Portland,CEDAR,,"CEDAR, GREEN, MC_YAK, SNOHOMISH"
RXSW1,Rex River,911,WA,3810,Portland,CEDAR,,"CEDAR, SNOHOMISH"
TKSW1,Tinkham Creek,899,WA,2990,Portland,CEDAR,,"CEDAR, GREEN, MC_YAK, SNOHOMISH"
CUMW1,Cougar Mountain,420,WA,3200,Portland,GREEN,,"GREEN, CEDAR, MC_YAK, SNOHOMISH, SOUTHSOUND"
LAKW1,Lynn Lake,1069,WA,3900,Portland,GREEN,,"GREEN, CEDAR, SNOHOMISH, SOUTHSOUND"
SAWW1,Sawmill Ridge,1068,WA,4640,Portland,GREEN,No normal yet,"GREEN, MC_YAK, SOUTHSOUND, COWLITZ, CEDAR"
SMPW1,Stampede Pass,788,WA,3850,Portland,GREEN,No normal yet,"GREEN, MC_YAK, CEDAR, SNOHOMISH"
BUSW1,Burnt Mountain,942,WA,4170,Portland,SOUTHSOUND,,"SOUTHSOUND, CEDAR, SNOHOMISH"
CAYW1,Cayuse Pass,1085,WA,5240,Portland,SOUTHSOUND,,"SOUTHSOUND, COWLITZ, MC_YAK"
COPW1,Corral Pass,418,WA,5800,Portland,SOUTHSOUND,Fire 2017,"SOUTHSOUND, COWLITZ, MC_YAK, GREEN"
HKSW1,Huckleberry Creek,928,WA,2250,Portland,SOUTHSOUND,,"SOUTHSOUND, GREEN, MC_YAK"
MHSW1,Mowich,941,WA,3160,Portland,SOUTHSOUND,Logged 2012,"SOUTHSOUND, GREEN, COWLITZ"
AFSW1,Paradise,679,WA,5130,Portland,SOUTHSOUND,,"SOUTHSOUND, COWLITZ, MC_YAK"
BKHW1,Buckinghorse,1107,WA,4870,Portland,OLYMPICS,,"OLYMPICS, CHEHALIS"
DGSW1,Dungeness,943,WA,4010,Portland,OLYMPICS,,OLYMPICS
MTCW1,Mount Crag,648,WA,3960,Portland,OLYMPICS,,OLYMPICS
WHSW1,Waterhole,974,WA,5010,Portland,OLYMPICS,,OLYMPICS
TEBW1,Mt. Tebo,1126,WA,3384,Portland,OLYMPICS,,OLYMPICS
PINW1,Pinto Rock,1263,WA,4440,Portland,COWLITZ,,NONE
PTHW1,Potato Hill,702,WA,4510,Portland,COWLITZ,,"COWLITZ, LEWIS, MC_YAK, MC_TRIB"
SHPW1,Sheep Canyon,748,WA,3990,Portland,COWLITZ,,"COWLITZ, LEWIS"
SKTW1,Skate Creek,1257,WA,3770,Portland,COWLITZ,,NONE
SPTW1,Spirit Lake,777,WA,3520,Portland,COWLITZ,,"COWLITZ, SOUTHSOUND"
CLJW1,Calamity,1109,WA,2500,Portland,LEWIS,No normal yet,"LEWIS, COWLITZ"
MRBW1,June Lake,553,WA,3930,Portland,LEWIS,,"LEWIS, COWLITZ, MC_LTRIB"
LPSW1,Lone Pine,591,WA,,Portland,LEWIS,,"LEWIS, COWLITZ, MC_LTRIB, SOUTHSOUND"
PPCW1,Pepper Creek,1104,WA,2140,Portland,LEWIS,,"LEWIS, COWLITZ, MC_TRIB"
SPMW1,Spencer Meadow,776,WA,3400,Portland,LEWIS,,"LEWIS, COWLITZ, MC_LTRIB"
SPLW1,Surprise Lakes,804,WA,4290,Portland,LEWIS,,"LEWIS, COWLITZ, MC_LTRIB"
SWCW1,Swift Creek,1012,WA,4440,Portland,LEWIS,,"LEWIS, COWLITZ"
MWDO3,Miller Woods,1084,OR,420,Portland,COASTAL,,"COASTAL, WILHDWTR"
SDMO3,Saddle Mountain,726,OR,3110,Portland,COASTAL,,"COASTAL, WILHDWTR"
SECO3,Seine Creek,743,OR,2060,Portland,COASTAL,,"COASTAL, WILHDWTR"
BLAO3,Blazed Alder,351,OR,3650,Portland,WILURBAN,,"WILURBAN, MC_LTRIB"
CLLO3,Clackamas Lake,398,OR,3400,Portland,WILURBAN,,"WILURBAN, MC_LTRIB, SANTIAM, WILHDWTR"
MTHO3,Mt Hood Test Site,651,OR,5370,Portland,WILURBAN,,"WILURBAN, MC_LTRIB"
MUDO3,Mud Ridge,655,OR,4070,Portland,WILURBAN,,"WILURBAN, MC_LTRIB"
NFRO3,North Fork,666,OR,3060,Portland,WILURBAN,,"WILURBAN, MC_LTRIB"
PVRO3,Peavine Ridge,687,OR,3420,Portland,WILURBAN,,"WILURBAN, WILHDWTR, SANTIAM, MC_LTRIB"
SFBO3,South Fork Bull Run,925,OR,2690,Portland,WILURBAN,,"WILURBAN, WILHDWTR"
CSTO3,Cascade Summit,388,OR,5100,Portland,WILSOUTH,,"WILSOUTH, UMPQUA"
HLMO3,Holland Meadows,529,OR,4930,Portland,WILSOUTH,,"WILSOUTH, UMPQUA"
BEDO3,Irish Taylor,545,OR,5540,Portland,WILSOUTH,,WILSOUTH
RROO3,Railroad Overpass,710,OR,2680,Portland,WILSOUTH,,"WILSOUTH, UMPQUA"
SCFO3,Salt Creek Falls,729,OR,4220,Portland,WILSOUTH,,"WILSOUTH, UMPQUA"
SMLO3,Summit Lake,801,OR,5610,Portland,WILSOUTH,,"WILSOUTH, UMPQUA"
TCMO3,Three Creeks Meadow,815,OR,5690,Portland,WILSOUTH,,WILSOUTH
BKSO3,Bear Grass,1166,OR,4720,Portland,WILSOUTH_McKenzie,,NONE
HOPO3,Hogg Pass,526,OR,4790,Portland,WILSOUTH_McKenzie,,"WILSOUTH, SANTIAM"
MKZO3,Mckenzie,619,OR,4770,Portland,WILSOUTH_McKenzie,,"WILSOUTH, WILMAIN, SANTIAM, WILSOUTH"
RORO3,Roaring River,719,OR,4950,Portland,WILSOUTH_McKenzie,,WILSOUTH
SAJO3,Santiam Jct.,733,OR,3740,Portland,WILSOUTH_McKenzie,,"WILSOUTH, WIlMAIN, SANTIAM"
SMTO3,Smith Ridge,1167,OR,3270,Portland,WILSOUTH_McKenzie,,NONE
DALO3,Daly Lake,434,OR,3690,Portland,SANTIAM,,"SANTIAM, WILMAIN, WILSOUTH"
JOJO3,Jump Off Joe,552,OR,3520,Portland,SANTIAM,,"SANTIAM, WILMAIN, WILSOUTH"
LMDO3,Little Meadows,584,OR,4020,Portland,SANTIAM,,"SANTIAM, WILDHWTR, WILMAIN, WILSOUTH, WILURBAN"
MRFO3,Marion Forks,614,OR,2590,Portland,SANTIAM,,"SANTIAM, WILSOUTH, WILHDWTR, WILURBAN"
CHUO3,Chemult Alternate,395,OR,4850,Portland,UMPQUA,,UMPQUA
DIAO3,Diamond Lake,442,OR,5280,Portland,UMPQUA,,"UMPQUA, ROGUE, WILSOUTH"
NCLO3,New Crescent Lake,660,OR,4910,Portland,UMPQUA,,"UMPQUA, WILSOUTH"
TOKO3,Toketee Airstrip,1044,OR,3240,Portland,UMPQUA,,"UMPQUA, ROGUE, WILSOUTH"
ANSO3,Annie Springs,1000,OR,6010,Portland,ROGUE,,"ROGUE, UMPQUA"
BRMO3,Big Red Mountain,341,OR,6050,Portland,ROGUE,,ROGUE
BGCO3,Bigelow Camp,343,OR,5130,Portland,ROGUE,,"ROGUE, COQUILLE"
BCDO3,Billie Creek Divide,344,OR,5280,Portland,ROGUE,,ROGUE
CSCO3,Cold Springs Camp,406,OR,5940,Portland,ROGUE,,ROGUE
FISO3,Fish Lk.,479,OR,4660,Portland,ROGUE,,ROGUE
FRLO3,Fourmile Lake,483,OR,5970,Portland,ROGUE,,ROGUE
HOWO3,Howard Prairie,1158,OR,4580,Portland,ROGUE,,NONE
KIMO3,King Mountain,558,OR,4340,Portland,ROGUE,,"ROGUE, UMPQUA"
SVMO3,Sevenmile Marsh,745,OR,5700,Portland,ROGUE,,"ROGUE, UMPQUA"
SSSO3,Sun Pass,1078,OR,5400,Portland,ROGUE,,ROGUE
BRLM8,Barker Lakes,313,MT,8250,Bozeman,PO_CLARK,,PO_CLARK
BSCM8,Basin Creek,315,MT,7180,Bozeman,PO_CLARK,,PO_CLARK
BLKM8,Black Pine,349,MT,7210,Bozeman,PO_CLARK,,PO_CLARK
CLVM8,Calvert Creek,381,MT,6430,Bozeman,PO_CLARK,,PO_CLARK
CMBM8,Combination,410,MT,5600,Bozeman,PO_CLARK,,PO_CLARK
COPM8,Copper Bottom,413,MT,5200,Bozeman,PO_CLARK,,PO_CLARK
CPCM8,Copper Camp,414,MT,6950,Bozeman,PO_CLARK,,PO_CLARK
DALM8,Daly Creek,433,MT,5780,Bozeman,PO_CLARK,,PO_CLARK
FRHM8,Frohner Meadow,487,MT,6480,Bozeman,PO_CLARK,,PO_CLARK
LUBM8,Lubrecht Flume,604,MT,4680,Bozeman,PO_CLARK,,PO_CLARK
NFEM8,N Fk Elk Creek,657,MT,6250,Bozeman,PO_CLARK,,PO_CLARK
NVRM8,Nevada Ridge,903,MT,7020,Bozeman,PO_CLARK,,PO_CLARK
NZCM8,Nez Perce Camp,662,MT,5650,Bozeman,PO_CLARK,,PO_CLARK
PTNM8,Peterson Meadows,930,MT,7200,Bozeman,PO_CLARK,,PO_CLARK
RKPM8,Rocker Peak,722,MT,8000,Bozeman,PO_CLARK,,PO_CLARK
SDMM8,Saddle Mtn.,727,MT,7940,Bozeman,PO_CLARK,,"PO_CLARK, LS_CLEAR, LS_SALMN"
SKAM8,Skalkaho Summit,760,MT,7250,Bozeman,PO_CLARK,,PO_CLARK
STTM8,Stuart Mountain,901,MT,7400,Bozeman,PO_CLARK,,"PO_CLARK, PO_FLAT"
TMCM8,Twelvemile Creek,835,MT,5600,Bozeman,PO_CLARK,,"PO_CLARK, LS_CLEAR"
TWLM8,Twin Lakes,836,MT,6400,Bozeman,PO_CLARK,,"PO_CLARK, LS_CLEAR"
WRMM8,Warm Springs,850,MT,7800,Bozeman,PO_CLARK,,PO_CLARK
BADM8,Badger Pass,307,MT,6900,Bozeman,PO_FLAT,Fire 2017,"PO_FLAT, UC_KOOT"
BISM8,Bisson Creek,346,MT,4920,Bozeman,PO_FLAT,,PO_FLAT
BLTM8,Blacktail Mtn,1144,MT,5650,Bozeman,PO_FLAT,,"PO_FLAT, PO_MAIN, UC_KOOT"
DPYM8,Dupuyer Creek,458,MT,5750,Bozeman,PO_FLAT,,NONE
EMCM8,Emery Creek,469,MT,4350,Bozeman,PO_FLAT,,PO_FLAT
FTMM8,Flattop Mtn.,482,MT,6300,Bozeman,PO_FLAT,,PO_FLAT
HANM8,Hand Creek,510,MT,5035,Bozeman,PO_FLAT,,"PO_FLAT, PO_MAIN, UC_KOOT"
KRCM8,Kraft Creek,562,MT,4750,Bozeman,PO_FLAT,,PO_FLAT
MANM8,Many Glacier,613,MT,4900,Bozeman,PO_FLAT,,PO_FLAT
MSPM8,Moss Peak,646,MT,6780,Bozeman,PO_FLAT,,PO_FLAT
MTKM8,Mount Lockhart,649,MT,6400,Bozeman,PO_FLAT,,PO_FLAT
NOIM8,Noisy Basin,664,MT,6040,Bozeman,PO_FLAT,,PO_FLAT
NFJM8,North Fork Jocko,667,MT,6330,Bozeman,PO_FLAT,,"PO_FLAT, PO_CLARK"
PICM8,Pike Creek,693,MT,5930,Bozeman,PO_FLAT,,PO_FLAT
SQPM8,Sleeping Woman,783,MT,6150,Bozeman,PO_FLAT,,"PO_FLAT, PO_CLARK"
CHUM8,Waldron,847,MT,5600,Bozeman,PO_FLAT,,NONE
WODM8,Wood Creek,876,MT,5960,Bozeman,PO_FLAT,,PO_FLAT
BRMI1,Bear Mountain,323,ID,5400,Boise,PO_MAIN,,"PO_MAIN, UC_KOOT, UC_SPOK"
BGMW1,Bunchgrass Mdw,376,WA,5000,Boise,PO_MAIN,,"PO_MAIN, UC_MAIN"
STZI1,Schweitzer Basin,738,ID,6090,Boise,PO_MAIN,Pond moved 2009,"PO_MAIN, UC_SPOK, UC_KOOT"
BANM8,Banfield Mountain,311,MT,5600,Bozeman,UC_KOOT,,UC_KOOT
GVRM8,Garver Creek,918,MT,4250,Bozeman,UC_KOOT,,UC_KOOT
GRCM8,Grave Creek,500,MT,4300,Bozeman,UC_KOOT,,"UC_KOOT, PO_FLAT"
HAWM8,Hawkins Lake,516,MT,6450,Bozeman,UC_KOOT,,UC_KOOT
HDLI1,Hidden Lake,988,ID,5040,Boise,UC_KOOT,,"UC_KOOT, PO_MAIN"
MYRI1,Myrtle Creek,1053,ID,3520,Boise,UC_KOOT,,"UC_KOOT, PO_MAIN"
PMNM8,Poorman Creek,932,MT,5100,Bozeman,UC_KOOT,,"UC_KOOT, UC_SPOK, PO_MAIN"
STAM8,Stahl Peak,787,MT,6030,Bozeman,UC_KOOT,,"UC_KOOT, PO_FLAT"
HUGI1,Humboldt Gulch,535,ID,4250,Boise,UC_SPOK,,"UC_SPOK, PO_CLARK, PO_MAIN"
LKTI1,Lookout,594,ID,5190,Boise,UC_SPOK,,"UC_SPOK, PO_CLARK, PO_MAIN"
MCKI1,Mica Creek,623,ID,4510,Boise,UC_SPOK,,"UC_SPOK, LS_CLEAR, LS_TRIBS"
MOQI1,Mosquito Ridge,645,ID,5260,Boise,UC_SPOK,,"UC_SPOK, PO_MAIN, UC_KOOT"
QUPW1,Quartz Peak,707,WA,4700,Boise,UC_SPOK,,"UC_SPOK, PO_MAIN"
RAGI1,Ragged Mountain,1081,ID,4210,Boise,UC_SPOK,,"UC_SPOK, PO_MAIN"
SHWI1,Sherwin,752,ID,3200,Boise,UC_SPOK,,"UC_SPOK, LS_TRIB, LS_CLEAR"
SNSI1,Sunset,803,ID,5540,Boise,UC_SPOK,,"UC_SPOK, PO_MAIN, PO_CLARK"
CHIM8,Chicago Ridge,1312,MT,5800,Bozeman,UC_SPOK,,NONE
GAXW1,Gold Axe Camp,1159,WA,5360,Portland,UC_MAIN,,NONE
GLDW1,Gold Mountain,1256,WA,4390,Portland,UC_MAIN,,NONE
MMSW1,Moses Mtn,644,WA,5010,Portland,UC_MAIN,,UC_MAIN
SENW1,Sentinel Butte,1043,WA,4680,Portland,UC_MAIN,,UC_MAIN
BLBM8,Black Bear,347,MT,8170,Bozeman,US_HENRY,,US_HENRY
CRRM8,Carrot Basin,385,MT,9000,Bozeman,US_HENRY,,US_HENRY
GRSW4,Grassy Lake,499,WY,7265,Boise,US_HENRY,,"US_HENRY, US_MAIN"
ISPI1,Island Park,546,ID,6290,Boise,US_HENRY,,US_HENRY
LVRM8,Lakeview Ridge,568,MT,7400,Bozeman,US_HENRY,,NONE
MPLM8,Madison Plateau,609,MT,7750,Bozeman,US_HENRY,,US_HENRY
PCPI1,Pine Creek Pass,695,ID,6720,Boise,US_HENRY,,"US_HENRY, US_MAIN, _US_TRIB"
TPEM8,Tepee Creek,813,MT,8000,Bozeman,US_HENRY,,US_HENRY
WYSM8,West Yellowstone,924,MT,6700,Bozeman,US_HENRY,,US_HENRY
WSKM8,Whiskey Creek,858,MT,6800,Bozeman,US_HENRY,,US_HENRY
WHEI1,White Elephant,860,ID,7710,Boise,US_HENRY,,US_HENRY
BSCW4,Base Camp,314,WY,7060,Boise,US_TRIB_East,,"US_TRIB, US_MAIN"
GTHW4,Grand Targhee,1082,WY,9260,Boise,US_TRIB_East,,"US_TRIB, US_MAIN, US_HENRY"
GRCW4,Granite Creek,497,WY,6770,Boise,US_TRIB_East,,"US_TRIB, US_MAIN"
GRVW4,Gros Ventre Summit,506,WY,8750,Boise,US_TRIB_East,,"US_TRIB, US_MAIN"
GUNW4,Gunsight Pass,944,WY,9820,Boise,US_TRIB_East,,US_TRIB
KNDW4,Kendall R.S.,555,WY,7740,Boise,US_TRIB_East,,"US_TRIB, US_MAIN"
LWSW4,Lewis Lake Divide,577,WY,7850,Boise,US_TRIB_East,,"US_TRIB, US_HENRY, US_MAIN"
LTWW4,Little Warm,585,WY,9370,Bozeman,US_TRIB_East,,US_TRIB
LOPW4,Loomis Park,597,WY,8240,Boise,US_TRIB_East,,"US_TRIB, US_MAIN"
PHBW4,Phillips Bench,689,WY,8200,Boise,US_TRIB_East,,"US_TRIB, US_MAIN"
SKRW4,Snake River Station,764,WY,6920,Boise,US_TRIB_East,,"US_TRIB, US_HENRY, US_MAIN"
TOGW4,Togwotee Pass,822,WY,9580,Bozeman,US_TRIB_East,,"US_TRIB, US_MAIN"
TOPW4,Two Ocean Plateau,837,WY,9240,Boise,US_TRIB_East,,"US_TRIB, US_MAIN"
YOUW4,Younts Peak,878,WY,8350,Bozeman,US_TRIB_East,,US_TRIB
BBSW4,Blind Bull Sum,353,WY,8650,Boise,US_TRIB_Mid,,"US_MAIN, US_TRIB"
CLWW4,Cottonwood Creek,419,WY,7670,Boise,US_TRIB_Mid,,US_TRIB
INCW4,Indian Creek,544,WY,9425,Boise,US_TRIB_Mid,,NONE
KLLW4,Kelley R.S.,554,WY,8180,Boise,US_TRIB_Mid,,NONE
SLTW4,Salt River Summit,730,WY,7640,Boise,US_TRIB_Mid,,US_TRIB
SPMI1,Sheep Mtn.,749,ID,6650,Boise,US_TRIB_Mid,,"US_TRIB, US_MAIN"
SLGI1,Slug Creek Divide,761,ID,7225,Boise,US_TRIB_Mid,,NONE
SNIW4,Snider Basin,765,WY,8060,Boise,US_TRIB_Mid,,US_TRIB
SORI1,Somsen Ranch,770,ID,6800,Boise,US_TRIB_Mid,,"US_TRIB, US_MAIN"
SCDW4,Spring Creek Divide,779,WY,9000,Boise,US_TRIB_Mid,,US_TRIB
TRPW4,Triple Peak,831,WY,8500,Boise,US_TRIB_Mid,,US_TRIB
WILW4,Willow Creek,868,WY,8080,Boise,US_TRIB_Mid,,"US_TRIB, US_MAIN"
GIVI1,Giveout,493,ID,6930,Boise,US_TRIB_West,,US_TRIB
OXSI1,Oxford Spring,677,ID,6740,Boise,US_TRIB_West,,"US_TRIB, US_MAIN"
SEPI1,Sedgwick Peak,741,ID,7850,Boise,US_TRIB_West,,"US_TRIB, US_MAIN"
WHDI1,Wildhorse Divide,867,ID,6490,Boise,US_TRIB_West,,"US_TRIB, US_MAIN"
PEBI1,Pebble Creek,1299,ID,6513,Boise,US_TRIB_West,,NONE
GECU1,George Creek,1151,UT,8964,Salt Lake,US_MAIN,,NONE
CANW4,Canyon,384,WY,7870,Bozeman,US_MAIN,,US_MAIN
CRBI1,Crab Creek,424,ID,6900,Boise,US_MAIN,,NONE
ERDW4,East Rim Divide,460,WY,7930,Boise,US_MAIN,,US_MAIN
HWCI1,Howell Canyon,534,ID,7980,Boise,US_MAIN,,NONE
THUW4,Thumb Divide,816,WY,7980,Boise,US_MAIN,,US_MAIN
BERN2,Bear Creek,321,NV,8040,Boise,MS_TRIB_Bruneau,,"MS_TRIB, WS"
DRCN2,Draw Creek,454,NV,7285,Salt Lake,MS_TRIB_Bruneau,,"MS_TRIB, WS"
PRSN2,Pole Creek R.S.,698,NV,8360,Boise,MS_TRIB_Bruneau,,WS
SSCN2,Seventysix Creek,746,NV,7350,Salt Lake,MS_TRIB_Bruneau,,"MS_TRIB, WS"
WLCI1,Wilson Creek,871,ID,7120,Boise,MS_TRIB_Bruneau,,"MS_TRIB, WS"
ONLN2,Oneil Creek,1272,NV,6520,Salt Lake,MS_TRIB_Bruneau,,NONE
BECI1,Bear Canyon,320,ID,7900,Boise,MS_TRIB_Lost_Wood,,MS_TRIB
CCDI1,Camas Creek Divide,382,ID,5710,Boise,MS_TRIB_Lost_Wood,,"MS_TRIB, MS_MOB"
CHOI1,Chocolate Gulch,895,ID,6310,Boise,MS_TRIB_Lost_Wood,,MS_TRIB
DHDI1,Dollarhide Summit,450,ID,8420,Boise,MS_TRIB_Lost_Wood,,"MS_TRIB, MS_MOB"
GLNI1,Galena,489,ID,7470,Boise,MS_TRIB_Lost_Wood,,"MS_TRIB, LS_SALMN, MS_MOB, MS_PAYET"
GLSI1,Galena Summit,490,ID,8780,Boise,MS_TRIB_Lost_Wood,,"MS_TRIB, LS_SALMN, MS_MOB, MS_PAYET"
GARI1,Garfield R.S.,492,ID,6560,Boise,MS_TRIB_Lost_Wood,,MS_TRIB
HLTI1,Hilts Creek,524,ID,8000,Boise,MS_TRIB_Lost_Wood,,NONE
HYNI1,Hyndman,537,ID,7620,Boise,MS_TRIB_Lost_Wood,,MS_TRIB
LWDI1,Lost-Wood Divide,601,ID,7900,Boise,MS_TRIB_Lost_Wood,,MS_TRIB
SMMI1,Smiley Mountain,926,ID,9520,Boise,MS_TRIB_Lost_Wood,,NONE
SRSI1,Soldier R.S.,769,ID,5740,Boise,MS_TRIB_Lost_Wood,,"MS_TRIB, MS_MOB"
STMI1,Stickney Mill,792,ID,7430,Boise,MS_TRIB_Lost_Wood,,"MS_TRIB, LS_SALMN"
SWPI1,Swede Peak,805,ID,7640,Boise,MS_TRIB_Lost_Wood,,MS_TRIB
COSI1,Couch Summit,1306,ID,6800,Boise,MS_TRIB_Lost_Wood,,NONE
FSHI1,Fish Ck,1305,ID,6330,Boise,MS_TRIB_Lost_Wood,,NONE
BSDI1,Bear Saddle,324,ID,6180,Boise,MS_TRIB_North,,"MS_TRIB, MS_MAIN"
SCHO3,Schneider Meadows,736,OR,5400,Portland,MS_TRIB_North,,"MS_TRIB, LS_TRIB, WS"
SQFI1,Squaw Flat,782,ID,6240,Boise,MS_TRIB_North,,"MS_TRIB, MS_PAYET, LS_SALMN"
VWGI1,Van Wyck,979,ID,4920,Boise,MS_TRIB_North,,"MS_TRIB, MS_PAYET"
WBRI1,West Branch,855,ID,5560,Boise,MS_TRIB_North,,"MS_TRIB, LS_MAIN, MS_PAYET, LS_TRIB, LS_SALMN"
BIGN2,Big Bend,336,NV,6898,Salt Lake,MS_MOB_Owyhee,,"MS_MOB, MS_TRIB, WS"
BKLN2,Buckskin Lower,373,NV,6930,Salt Lake,MS_MOB_Owyhee,,NONE
FWCN2,Fawn Creek,476,NV,7031,Salt Lake,MS_MOB_Owyhee,,"MS_MOB, WS"
FRYN2,Fry Canyon,1262,NV,6798,Salt Lake,MS_MOB_Owyhee,,NONE
JCUN2,Jack Creek Upper,548,NV,7377,Salt Lake,MS_MOB_Owyhee,,"MS_MOB, MS_TRIB, WS"
LMCN2,Lamance Creek,569,NV,6395,Salt Lake,MS_MOB_Owyhee,,NONE
LADN2,Laurel Draw,573,NV,6682,Salt Lake,MS_MOB_Owyhee,,"MS_MOB, MS_TRIB, WS"
MDFI1,Mud Flat,654,ID,5730,Boise,MS_MOB_Owyhee,,MS_MOB
RYCI1,Reynolds Creek,2029,ID,5600,Boise,MS_MOB_Owyhee,,MS_MOB
SMTI1,South Mtn.,774,ID,6500,Boise,MS_MOB_Owyhee,,MS_MOB
TACN2,Taylor Canyon,811,NV,6325,Salt Lake,MS_MOB_Owyhee,,"MS_MOB, WS"
TJMN2,Toe Jam,1136,NV,7700,Salt Lake,MS_MOB_Owyhee,,NONE
ATAI1,Atlanta Summit,306,ID,7580,Boise,MS_MOB_Boise,,"MS_MOB, MS_PAYET"
GGSI1,Graham Guard Sta.,496,ID,5690,Boise,MS_MOB_Boise,,"MS_MOB, LS_SALMN, MS_PAYET"
MRKI1,Mores Creek Summit,637,ID,6100,Boise,MS_MOB_Boise,,"MS_PAYET, MS_MOB, LS_SALMN"
PRAI1,Prairie,704,ID,4800,Boise,MS_MOB_Boise,,MS_MOB
TRMI1,Trinity Mtn.,830,ID,7770,Boise,MS_MOB_Boise,,MS_MOB
VNNI1,Vienna Mine,845,ID,8960,Boise,MS_MOB_Boise,,"MS_MOB, MS_PAYET, LS_SALMN"
BLPO3,Blue Mountain Spring,357,OR,5870,Portland,MS_MOB_Steens_Malheur,,"MC_LTRIB, MS_MOB, WS"
FCKO3,Fish Creek,477,OR,7660,Portland,MS_MOB_Steens_Malheur,,MS_MOB
LKCO3,Lake Creek R.S.,563,OR,5240,Portland,MS_MOB_Steens_Malheur,,"MC_LTRIB, MS_MOB, WS"
RCSO3,Rock Springs,721,OR,5290,Portland,MS_MOB_Steens_Malheur,,"MS_MOB, WS, MC_LTRIB"
SLVO3,Silvies,759,OR,6990,Portland,MS_MOB_Steens_Malheur,,MS_MOB
SNWO3,Snow Mountain,767,OR,6230,Portland,MS_MOB_Steens_Malheur,,MC_LTRIB
STRO3,Starr Ridge,789,OR,5250,Portland,MS_MOB_Steens_Malheur,,"MC_LTRIB, WS, MS_MOB"
BASI1,Banner Summit,312,ID,7040,Boise,MS_PAYET,,"LS_SALMN, MS_MOB, MS_PAYET"
BOGI1,Bogus Basin,978,ID,6340,Boise,MS_PAYET,,"MS_PAYET, MS_MOB"
COZI1,Cozy Cove,423,ID,5400,Boise,MS_PAYET,,"MS_PAYET, LS_SALMN, MS_MOB"
JKPI1,Jackson Peak,550,ID,7070,Boise,MS_PAYET,,"MS_PAYET, LS_SALMN, MS_MOB"
LGVI1,Long Valley,1016,ID,4890,Boise,MS_PAYET,,"MS_TRIB, LS_SALMN, MS_PAYET"
SCSI1,Secesh Summit,740,ID,6540,Boise,MS_PAYET,,"MS_TRIB, LS_SALMN, MS_PAYET"
BORO3,Bourne,361,OR,5850,Portland,MS_MAIN,,"MS_MAIN, LS_TRIB, MC_TRIB, MS_TRIB, WS"
EIMO3,Eilertson Meadows,464,OR,5510,Portland,MS_MAIN,,"MS_MAIN, LS_TRIB, MC_TRIB, MS_TRIB, WS"
TYLO3,Taylor Green,812,OR,5740,Portland,MS_MAIN,,"MS_MAIN, MS_TRIB, LS_TRIB, WS"
TIPO3,Tipton,821,OR,5150,Portland,MS_MAIN,,"MS_MAIN, MS_MOB, MC_LTRIB, MS_TRIB, WS"
WFCO3,Wolf Creek,873,OR,5630,Portland,MS_MAIN,,"MS_MAIN, LS_TRIB, MC_LTRIB, WS"
BTRI1,Bostetter R.S.,359,ID,7500,Boise,MS_MAIN,,WS
MGMI1,Magic Mountain,610,ID,6880,Boise,MS_MAIN,,WS
COLI1,Cool Creek,411,ID,6280,Boise,LS_CLEAR,,"LS_CLEAR, PO_CLARK, UC_SPOK"
CRAI1,Crater Meadows,425,ID,5960,Boise,LS_CLEAR,,"LS_CLEAR, PO_CLARK"
ELBI1,Elk Butte,466,ID,5690,Boise,LS_CLEAR,,"LS_CLEAR, LS_TRIB, UC_SPOK"
HEMI1,Hemlock Butte,520,ID,5810,Boise,LS_CLEAR,,LS_CLEAR
HOOM8,Hoodoo Basin,530,MT,6050,Bozeman,LS_CLEAR,,"LS_CLEAR, PO_CLARK, UC_SPOK"
LPSI1,Lolo Pass,588,ID,5240,Boise,LS_CLEAR,,"LS_CLEAR, PO_CLARK"
LSLI1,Lost Lake,600,ID,6110,Boise,LS_CLEAR,,"LS_CLEAR, LS_TRIB, UC_SPOK"
MSCI1,Moscow Mountain,989,ID,4700,Boise,LS_CLEAR,,"LS_CLEAR, UC_SPOK, LS_TRIBS"
MTMI1,Mountain Meadows,650,ID,6320,Boise,LS_CLEAR,,LS_CLEAR
PRNI1,Pierce R.S.,1142,ID,3080,Boise,LS_CLEAR,,NONE
SVPI1,Savage Pass,735,ID,6190,Boise,LS_CLEAR,,"LS_CLEAR, PO_CLARK"
SHAI1,Shanghi Summit,747,ID,4600,Boise,LS_CLEAR,,LS_CLEAR
BEAM8,Beagle Springs,318,MT,8850,Bozeman,LS_SALMN,,LS_SALMN
BRBI1,Bear Basin,319,ID,5350,Boise,LS_SALMN,,"LS_SALMN, MS_PAYET, MS_TRIB"
BKSI1,Big Creek Summit,338,ID,6560,Boise,LS_SALMN,,"LS_SALMN, MS_PAYET, MS_TRIB"
BLOM8,Bloody Dick,355,MT,7600,Bozeman,LS_SALMN,,LS_SALMN
BRRI1,Brundage Reservoir,370,ID,6250,Boise,LS_SALMN,,"LS_SALMN, MS_PAYET, MS_TRIB"
DHLM8,Darkhorse Lake,436,MT,8945,Bozeman,LS_SALMN,,LS_SALMN
DDSI1,Deadwood Summit,439,ID,6860,Boise,LS_SALMN,,"LS_SALMN, MS_PAYET"
LMHM8,Lemhi Ridge,576,MT,8100,Bozeman,LS_SALMN,,LS_SALMN
MDLI1,Meadow Lake,620,ID,9150,Boise,LS_SALMN,,LS_SALMN
MLKI1,Mill Creek Summit,627,ID,8800,Boise,LS_SALMN,,LS_SALMN
MNSI1,Moonshine,636,ID,7440,Boise,LS_SALMN,,LS_SALMN
MOKI1,Moose Creek,638,ID,6200,Boise,LS_SALMN,,"LS_SALMN, PO_CLARK"
MRGI1,Morgan Creek,639,ID,7600,Boise,LS_SALMN,,LS_SALMN
SCHI1,Schwartz Lake,915,ID,8630,Boise,LS_SALMN,,LS_SALMN
JLMM8,JL Meadow,1287,MT,8800,Bozeman,LS_SALMN,,NONE
SLMM8,Slagamelt Lakes,1286,MT,8620,Bozeman,LS_SALMN,,NONE
ANRO3,Aneroid Lake #2,302,OR,7400,Portland,LS_TRIB,,"LS_TRIB, LS_MAIN, MSTribs, WS"
BVRO3,Beaver Reservoir,331,OR,5150,Portland,LS_TRIB,,"LS_TRIB, MC_LTRIB, MS_TRIB"
MOSO3,Moss Springs,647,OR,5760,Portland,LS_TRIB,,"LS_TRIB, MSTribs, WS"
MHWO3,Mt. Howard,653,OR,7910,Portland,LS_TRIB,,"LS_TRIB, LS_MAIN, MSTribs, WS"
SGUW1,Sourdough Gulch,985,WA,4000,Boise,LS_MAIN,,"LS_MAIN, LA_TRIB, LS_CLEAR, MC_LTRIB"
SPGW1,Spruce Springs,984,WA,5700,Boise,LS_MAIN,,"LS_MAIN, LS_TRIB, MC_LTRIB"
BPAW1,Blewett Pass,352,WA,4240,Portland,MC_YAK,,MC_YAK
BMPW1,Bumping Ridge,375,WA,4610,Portland,MC_YAK,,"MC_YAK, COWLITZ, SOUTHSOUND"
FISW1,Fish Lake,478,WA,3430,Portland,MC_YAK,,"MC_YAK, MC_UTRIB"
GRLW1,Green Lake,502,WA,5920,Portland,MC_YAK,,"MC_YAK, COWLITZ, MC_LTRIB"
GRCW1,Grouse Camp,507,WA,5390,Portland,MC_YAK,,MC_YAK
LOHW1,Lost Horse,599,WA,5120,Portland,MC_YAK,,"MC_YAK, MC_LTRIB"
MRSW1,Morse Lake,642,WA,5410,Portland,MC_YAK,,"MC_YAK, SOUTHSOUND, COWLITZ"
PGPW1,Pigtail Peak,692,WA,5800,Portland,MC_YAK,,"MC_YAK, SOUTHSOUND, COWLITZ, MC_LTRIB"
SASW1,Sasse Ridge,734,WA,4340,Portland,MC_YAK,,"MC_YAK, SNOHOMISH, MC_UTRIB"
TRGW1,Trough,832,WA,5480,Portland,MC_YAK,,MC_YAK
UPWW1,Upper Wheeler,841,WA,4330,Portland,MC_YAK,,MC_YAK
WHPW1,White Pass E.S.,863,WA,4440,Portland,MC_YAK,,"MC_YAK, SOUTHSOUND, COWLITZ, MC_LTRIB"
LYLW1,Lyman Lake,606,WA,5980,Portland,MC_UTRIB,,"MC_UTRIB, SKAGIT, SNOHOMISH"
MUKW1,Muckamuck,1259,WA,4470,Portland,MC_UTRIB,,NONE
PCRW1,Park Creek Ridge,681,WA,4600,Portland,MC_UTRIB,,"MC_UTRIB, SKAGIT"
PPRW1,Pope Ridge,699,WA,3590,Portland,MC_UTRIB,,"MC_UTRIB, SKAGIT"
SAMW1,Salmon Meadows,728,WA,4460,Portland,MC_UTRIB,,MC_UTRIB
TRIW1,Trinity,1171,WA,2930,Portland,MC_UTRIB,,NONE
ARBO3,Arbuckle Mtn,304,OR,5770,Portland,MC_LTRIB_Eastern,,MC_LTRIB
BMSO3,Bowman Springs,362,OR,4530,Portland,MC_LTRIB_Eastern,,"MC_LTRIB, LS_TRIB"
COLO3,County Line,422,OR,4830,Portland,MC_LTRIB_Eastern,,"MC_LTRIB, LS_TRIBS, MS_TRIB"
ESPO3,Emigrant Springs,470,OR,3800,Portland,MC_LTRIB_Eastern,,"MC_LTRIB, LS_TRIB"
HIRO3,High Ridge,523,OR,4920,Portland,MC_LTRIB_Eastern,,"MC_LTRIB, LS_TRIB"
LUKO3,Lucky Strike,605,OR,4970,Portland,MC_LTRIB_Eastern,,"MC_LTRIB, LS_TRIB"
MLKO3,Milk Shakes,1079,OR,5580,Portland,MC_LTRIB_Eastern,,MC_LTRIB
TOHW1,Touchet,824,WA,5530,Boise,MC_LTRIB_Eastern,,"MC_LTRIB, LS_MAIN, LS_TRIB"
CLKO3,Clear Lake,401,OR,3810,Portland,MC_LTRIB_Western,,"MC_LTRIB, WILLURBAN"
DERO3,Derr.,440,OR,5850,Portland,MC_LTRIB_Western,,MC_LTRIB
GLDO3,Gold Center,494,OR,5410,Portland,MC_LTRIB_Western,,"MC_LTRIB, MS_MAIN, MS_TRIB, WS"
GRPO3,Greenpoint,504,OR,3310,Portland,MC_LTRIB_Western,,"MC_LTRIB, LEWIS, WILURBAN"
IRKW1,Indian Rock,1129,WA,5360,Portland,MC_LTRIB_Western,,"MC_LTRIB, MC_YAK"
MDBO3,Madison Butte,608,OR,5150,Portland,MC_LTRIB_Western,,MC_LTRIB
OCMO3,Ochoco Meadows,671,OR,5430,Portland,MC_LTRIB_Western,,MC_LTRIB
REDO3,Red Hill,712,OR,4410,Portland,MC_LTRIB_Western,,"MC_LTRIB, WILLURBAN"
FFMO3,Fifteenmile,1314,OR,5970,Portland,MC_LTRIB_Western,,NONE
SPSW1,Satus Pass,1231,WA,3960,Portland,MC_LTRIB_Western,,NONE
BEVM8,Beaver Creek,328,MT,7850,Bozeman,Western Montana,,NONE
DIVM8,Divide,448,MT,7800,Bozeman,Western Montana,,NONE
TIBM8,Tizer Basin,893,MT,6880,Bozeman,Western Montana,,NONE
COSW4,Cold Springs,405,WY,9630,Bozeman,Wind River Range,,NONE
EKPW4,Elkhart Park G.S.,468,WY,9400,Boise,Wind River Range,,NONE
NFLW4,New Fork Lake,661,WY,8340,Boise,Wind River Range,,NONE
BLWW4,Blackwater,350,WY,9780,Bozeman,Abosaroka Range,,NONE
BRCW4,Burroughs Creek,379,WY,8750,Bozeman,Abosaroka Range,,NONE
SYLW4,Sylvan Lake,806,WY,8420,Bozeman,Abosaroka Range,,NONE
SYRW4,Sylvan Road,807,WY,7120,Bozeman,Abosaroka Range,,NONE
EMSI1,Emigrant Summit,471,ID,7390,Boise,Bear River Range,,NONE
FBNI1,Franklin Basin,484,ID,8140,Salt Lake,Bear River Range,,NONE
GRPN2,Granite Peak,498,NV,8503,Salt Lake,Closed Basins,,NONE
MTLN2,Summit Lk,1194,NV,7615,Salt Lake,Closed Basins,,NONE
DMLC1,Dismal Swamp,446,CA,7360,Portland,Closed Basins,,NONE
SMRO3,Summer Rim,800,OR,7080,Portland,Closed Basins,,NONE
DSPN2,Disaster Peak,445,NV,6260,Salt Lake,Closed Basins,,NONE
CZFO3,Crazyman Flat,1010,OR,6180,Portland,Closed Basins,,NONE
STWO3,Strawberry,794,OR,5770,Portland,Closed Basins,,NONE
SVCO3,Silver Creek,756,OR,5740,Portland,Closed Basins,,NONE
QRMO3,Quartz Mountain,706,OR,5720,Portland,Closed Basins,,NONE
TATC1,State Line,1258,CA,5680,Portland,Closed Basins,,NONE
TYBO3,Taylor Butte,810,OR,5030,Portland,Closed Basins,,NONE
GSTO3,Gerber Reservoir,945,OR,4890,Portland,Closed Basins,,NONE
SWNO3,Swan Lake Mtn,1077,OR,6830,Portland,Closed Basins,,NONE
